<?xml version="1.0" encoding="UTF-8"?>
<metadata xml:lang="es"><Esri><CreaDate>20170223</CreaDate><CreaTime>14520100</CreaTime><ArcGISFormat>1.0</ArcGISFormat><ArcGISstyle>North American Profile of ISO19115 2003</ArcGISstyle><SyncOnce>FALSE</SyncOnce><DataProperties><lineage><Process ToolSource="C:\Program Files (x86)\ArcGIS\Desktop10.0\ArcToolbox\Toolboxes\Data Management Tools.tbx\CalculateField" Date="20131216" Time="185545">CalculateField LimiteComuna_corr CODIGO "SN02" VB #</Process><Process ToolSource="C:\Program Files (x86)\ArcGIS\Desktop10.0\ArcToolbox\Toolboxes\Data Management Tools.tbx\CalculateField" Date="20131216" Time="185606">CalculateField LimiteComuna_corr CODIGO "SN02" VB #</Process><Process ToolSource="C:\Program Files (x86)\ArcGIS\Desktop10.0\ArcToolbox\Toolboxes\Data Management Tools.tbx\CalculateField" Date="20131216" Time="185626">CalculateField LimiteComuna_corr CODIGO "SN02" VB #</Process><Process ToolSource="C:\Program Files (x86)\ArcGIS\Desktop10.0\ArcToolbox\Toolboxes\Data Management Tools.tbx\CalculateField" Date="20131216" Time="185650">CalculateField LimiteComuna_corr CODIGO "SN01" VB #</Process><Process ToolSource="C:\Program Files (x86)\ArcGIS\Desktop10.0\ArcToolbox\Toolboxes\Data Management Tools.tbx\CalculateField" Date="20131216" Time="185703">CalculateField LimiteComuna_corr CODIGO "SN01" VB #</Process><Process ToolSource="C:\Program Files (x86)\ArcGIS\Desktop10.0\ArcToolbox\Toolboxes\Data Management Tools.tbx\CalculateField" Date="20131216" Time="185751">CalculateField LimiteComuna_corr CODIGO "SN01" VB #</Process><Process ToolSource="C:\Program Files (x86)\ArcGIS\Desktop10.0\ArcToolbox\Toolboxes\Data Management Tools.tbx\CalculateField" Date="20131216" Time="185802">CalculateField LimiteComuna_corr CODIGO "SN01" VB #</Process><Process ToolSource="c:\program files (x86)\arcgis\desktop10.0\ArcToolbox\Toolboxes\Conversion Tools.tbx\FeatureClassToFeatureClass" Date="20131216" Time="204814">FeatureClassToFeatureClass D:\Compartida2\Revision_Divipola.mdb\DivisionAdministrativa\LimiteComunaCorregimiento "Database Connections\zeus4_ATLAS_SITE.sde\SITE.DivisionAdministrativa" LimiteComunaCorregimiento_2014 # "CODIGO "CODIGO" true true false 20 Text 0 0 ,First,#,D:\Compartida2\Revision_Divipola.mdb\DivisionAdministrativa\LimiteComunaCorregimiento,CODIGO,-1,-1;NOMBRE "NOMBRE" true true false 200 Text 0 0 ,First,#,D:\Compartida2\Revision_Divipola.mdb\DivisionAdministrativa\LimiteComunaCorregimiento,NOMBRE,-1,-1;IDENTIFICACION "IDENTIFICACION" true true false 100 Text 0 0 ,First,#,D:\Compartida2\Revision_Divipola.mdb\DivisionAdministrativa\LimiteComunaCorregimiento,IDENTIFICACION,-1,-1;LIMITEMUNICIPIOID "LIMITEMUNICIPIOID" true true false 20 Text 0 0 ,First,#,D:\Compartida2\Revision_Divipola.mdb\DivisionAdministrativa\LimiteComunaCorregimiento,LIMITEMUNICIPIOID,-1,-1;SUBTIPO_COMUNACORREGIMIENTO "SubTipo_ComunaCorregimiento" true true false 4 Long 0 0 ,First,#,D:\Compartida2\Revision_Divipola.mdb\DivisionAdministrativa\LimiteComunaCorregimiento,SUBTIPO_COMUNACORREGIMIENTO,-1,-1;LINK_DOCUMENTO "LINK_DOCUMENTO" true true false 200 Text 0 0 ,First,#,D:\Compartida2\Revision_Divipola.mdb\DivisionAdministrativa\LimiteComunaCorregimiento,LINK_DOCUMENTO,-1,-1;SHAPE_Length "SHAPE_Length" false true true 8 Double 0 0 ,First,#,D:\Compartida2\Revision_Divipola.mdb\DivisionAdministrativa\LimiteComunaCorregimiento,SHAPE_Length,-1,-1;SHAPE_Area "SHAPE_Area" false true true 8 Double 0 0 ,First,#,D:\Compartida2\Revision_Divipola.mdb\DivisionAdministrativa\LimiteComunaCorregimiento,SHAPE_Area,-1,-1" #</Process><Process ToolSource="C:\Program Files (x86)\ArcGIS\Desktop10.0\ArcToolbox\Toolboxes\Data Management Tools.tbx\ChangePrivileges" Date="20131216" Time="205139">ChangePrivileges 'Database Connections\zeus4_ATLAS_SITE.sde\SITE.DivisionAdministrativa\SITE.BarrioVereda_2014';'Database Connections\zeus4_ATLAS_SITE.sde\SITE.DivisionAdministrativa\SITE.LimiteComunaCorregimiento_2014';'Database Connections\zeus4_ATLAS_SITE.sde\SITE.DivisionAdministrativa\SITE.LimiteMunicipio_2014' GEOCONSULTA GRANT AS_IS</Process><Process ToolSource="C:\Program Files\ArcGIS\Desktop10.0\ArcToolbox\Toolboxes\Data Management Tools.tbx\Analyze" Date="20131221" Time="055000">Analyze "Database Connections\zeus4_ATLAS_SDE_DIRECT.sde\SITE.DivisionAdministrativa\SITE.LimiteComunaCorregimiento_2014" BUSINESS;FEATURE</Process><Process ToolSource="C:\Program Files\ArcGIS\Desktop10.0\ArcToolbox\Toolboxes\Data Management Tools.tbx\Analyze" Date="20131228" Time="055111">Analyze "Database Connections\zeus4_ATLAS_SDE_DIRECT.sde\SITE.DivisionAdministrativa\SITE.LimiteComunaCorregimiento_2014" BUSINESS;FEATURE</Process></lineage><itemProps><itemLocation><linkage Sync="TRUE">file://\\orfeo\SUBD_INFORMACION\FormulacionPOT_2013\01_Geodatabase\Basica.gdb</linkage><protocol Sync="TRUE">Local Area Network</protocol></itemLocation><itemName Sync="TRUE">SITE.LimiteComunaCorregimiento_2014</itemName><imsContentType Sync="TRUE">002</imsContentType></itemProps><coordRef><type Sync="TRUE">Projected</type><geogcsn Sync="TRUE">GCS_MAG_Ant_Medellin</geogcsn><csUnits Sync="TRUE">Linear Unit: Meter (1.000000)</csUnits><projcsn Sync="TRUE">PCS_MAG_Ant_Medellin</projcsn><peXml Sync="TRUE">&lt;ProjectedCoordinateSystem xsi:type='typens:ProjectedCoordinateSystem' xmlns:xsi='http://www.w3.org/2001/XMLSchema-instance' xmlns:xs='http://www.w3.org/2001/XMLSchema' xmlns:typens='http://www.esri.com/schemas/ArcGIS/10.0'&gt;&lt;WKT&gt;PROJCS[&amp;quot;PCS_MAG_Ant_Medellin&amp;quot;,GEOGCS[&amp;quot;GCS_MAG_Ant_Medellin&amp;quot;,DATUM[&amp;quot;D_DAT_MAG_Ant_Medellin&amp;quot;,SPHEROID[&amp;quot;GRS1980_MAG_Ant_Medellin&amp;quot;,6379647.0,298.257222101]],PRIMEM[&amp;quot;Greenwich&amp;quot;,0.0],UNIT[&amp;quot;Degree&amp;quot;,0.0174532925199433]],PROJECTION[&amp;quot;Transverse_Mercator&amp;quot;],PARAMETER[&amp;quot;False_Easting&amp;quot;,835378.647],PARAMETER[&amp;quot;False_Northing&amp;quot;,1180816.875],PARAMETER[&amp;quot;Central_Meridian&amp;quot;,-75.56488694],PARAMETER[&amp;quot;Scale_Factor&amp;quot;,1.0],PARAMETER[&amp;quot;Latitude_Of_Origin&amp;quot;,6.229208889],UNIT[&amp;quot;Meter&amp;quot;,1.0]]&lt;/WKT&gt;&lt;XOrigin&gt;278500&lt;/XOrigin&gt;&lt;YOrigin&gt;627600&lt;/YOrigin&gt;&lt;XYScale&gt;10000&lt;/XYScale&gt;&lt;ZOrigin&gt;0&lt;/ZOrigin&gt;&lt;ZScale&gt;1&lt;/ZScale&gt;&lt;MOrigin&gt;0&lt;/MOrigin&gt;&lt;MScale&gt;1&lt;/MScale&gt;&lt;XYTolerance&gt;0.001&lt;/XYTolerance&gt;&lt;ZTolerance&gt;0.001&lt;/ZTolerance&gt;&lt;MTolerance&gt;0.001&lt;/MTolerance&gt;&lt;HighPrecision&gt;true&lt;/HighPrecision&gt;&lt;/ProjectedCoordinateSystem&gt;</peXml></coordRef></DataProperties><SyncDate>20131216</SyncDate><SyncTime>20481200</SyncTime><ModDate>20131216</ModDate><ModTime>20481200</ModTime></Esri><dataIdInfo><envirDesc Sync="TRUE">Microsoft Windows XP Professional x64 Edition Version 5.2 (Build 3790) Service Pack 2; ESRI ArcGIS 10.0.5.4400</envirDesc><dataLang><languageCode value="es" Sync="TRUE"></languageCode><countryCode value="CO" Sync="TRUE"></countryCode></dataLang><idCitation><resTitle Sync="TRUE">SITE.LimiteComunaCorregimiento_2014</resTitle><presForm><PresFormCd value="005" Sync="TRUE"></PresFormCd></presForm></idCitation><spatRpType><SpatRepTypCd value="001" Sync="TRUE"></SpatRepTypCd></spatRpType></dataIdInfo><mdLang><languageCode value="es" Sync="TRUE"></languageCode><countryCode value="CO" Sync="TRUE"></countryCode></mdLang><distInfo><distFormat><formatName Sync="TRUE">SDE Feature Class</formatName></distFormat></distInfo><mdHrLv><ScopeCd value="005" Sync="TRUE"></ScopeCd></mdHrLv><mdHrLvName Sync="TRUE">dataset</mdHrLvName><refSysInfo><RefSystem><refSysID><identCode code="0" Sync="TRUE"></identCode></refSysID></RefSystem></refSysInfo><spatRepInfo><VectSpatRep><geometObjs Name="SITE.LimiteComunaCorregimiento_2014"><geoObjTyp><GeoObjTypCd value="002" Sync="TRUE"></GeoObjTypCd></geoObjTyp><geoObjCnt Sync="TRUE">0</geoObjCnt></geometObjs><topLvl><TopoLevCd value="001" Sync="TRUE"></TopoLevCd></topLvl></VectSpatRep></spatRepInfo><spdoinfo><ptvctinf><esriterm><efeatyp Sync="TRUE">Simple</efeatyp><efeageom code="4" Sync="TRUE"></efeageom><esritopo Sync="TRUE">FALSE</esritopo><efeacnt Sync="TRUE">0</efeacnt><spindex Sync="TRUE">TRUE</spindex><linrefer Sync="TRUE">FALSE</linrefer></esriterm></ptvctinf></spdoinfo><eainfo><detailed Name="SITE.LimiteComunaCorregimiento_2014"><enttyp><enttypl Sync="TRUE">SITE.LimiteComunaCorregimiento_2014</enttypl><enttypt Sync="TRUE">Feature Class</enttypt><enttypc Sync="TRUE">0</enttypc></enttyp><attr><attrlabl Sync="TRUE">OBJECTID</attrlabl><attalias Sync="TRUE">OBJECTID</attalias><attrtype Sync="TRUE">OID</attrtype><attwidth Sync="TRUE">4</attwidth><atprecis Sync="TRUE">10</atprecis><attscale Sync="TRUE">0</attscale><attrdef Sync="TRUE">Internal feature number.</attrdef><attrdefs Sync="TRUE">ESRI</attrdefs><attrdomv><udom Sync="TRUE">Sequential unique whole numbers that are automatically generated.</udom></attrdomv></attr><attr><attrlabl Sync="TRUE">CODIGO</attrlabl><attalias Sync="TRUE">CODIGO</attalias><attrtype Sync="TRUE">String</attrtype><attwidth Sync="TRUE">20</attwidth><atprecis Sync="TRUE">0</atprecis><attscale Sync="TRUE">0</attscale></attr><attr><attrlabl Sync="TRUE">NOMBRE</attrlabl><attalias Sync="TRUE">NOMBRE</attalias><attrtype Sync="TRUE">String</attrtype><attwidth Sync="TRUE">200</attwidth><atprecis Sync="TRUE">0</atprecis><attscale Sync="TRUE">0</attscale></attr><attr><attrlabl Sync="TRUE">IDENTIFICACION</attrlabl><attalias Sync="TRUE">IDENTIFICACION</attalias><attrtype Sync="TRUE">String</attrtype><attwidth Sync="TRUE">100</attwidth><atprecis Sync="TRUE">0</atprecis><attscale Sync="TRUE">0</attscale></attr><attr><attrlabl Sync="TRUE">LIMITEMUNICIPIOID</attrlabl><attalias Sync="TRUE">LIMITEMUNICIPIOID</attalias><attrtype Sync="TRUE">String</attrtype><attwidth Sync="TRUE">20</attwidth><atprecis Sync="TRUE">0</atprecis><attscale Sync="TRUE">0</attscale></attr><attr><attrlabl Sync="TRUE">SUBTIPO_COMUNACORREGIMIENTO</attrlabl><attalias Sync="TRUE">SubTipo_ComunaCorregimiento</attalias><attrtype Sync="TRUE">Integer</attrtype><attwidth Sync="TRUE">4</attwidth><atprecis Sync="TRUE">10</atprecis><attscale Sync="TRUE">0</attscale></attr><attr><attrlabl Sync="TRUE">LINK_DOCUMENTO</attrlabl><attalias Sync="TRUE">LINK_DOCUMENTO</attalias><attrtype Sync="TRUE">String</attrtype><attwidth Sync="TRUE">200</attwidth><atprecis Sync="TRUE">0</atprecis><attscale Sync="TRUE">0</attscale></attr><attr><attrlabl Sync="TRUE">SHAPE</attrlabl><attalias Sync="TRUE">SHAPE</attalias><attrtype Sync="TRUE">Geometry</attrtype><attwidth Sync="TRUE">4</attwidth><atprecis Sync="TRUE">0</atprecis><attscale Sync="TRUE">0</attscale><attrdef Sync="TRUE">Feature geometry.</attrdef><attrdefs Sync="TRUE">ESRI</attrdefs><attrdomv><udom Sync="TRUE">Coordinates defining the features.</udom></attrdomv></attr><attr><attrlabl Sync="TRUE">SHAPE.AREA</attrlabl><attalias Sync="TRUE">SHAPE.AREA</attalias><attrtype Sync="TRUE">Double</attrtype><attwidth Sync="TRUE">0</attwidth><atprecis Sync="TRUE">0</atprecis><attscale Sync="TRUE">0</attscale></attr><attr><attrlabl Sync="TRUE">SHAPE.LEN</attrlabl><attalias Sync="TRUE">SHAPE.LEN</attalias><attrtype Sync="TRUE">Double</attrtype><attwidth Sync="TRUE">0</attwidth><atprecis Sync="TRUE">0</atprecis><attscale Sync="TRUE">0</attscale></attr><subtype><stname Sync="TRUE">Comuna</stname><stcode Sync="TRUE">1</stcode></subtype><subtype><stname Sync="TRUE">Corregimiento</stname><stcode Sync="TRUE">2</stcode></subtype></detailed></eainfo><mdDateSt Sync="TRUE">20131216</mdDateSt></metadata>
